{"inputUnits":[42],"outputUnits":7,"inputs":{"l0x":{"dtype":"number","min":0.1969696969696967,"max":0.8030303030303034},"l0y":{"dtype":"number","min":0.4124814602378791,"max":0.8636363636363643},"l1x":{"dtype":"number","min":0.19696969696969654,"max":0.7632672622986275},"l1y":{"dtype":"number","min":0.3412613242650305,"max":0.8636363636363642},"l2x":{"dtype":"number","min":0.20664204384426763,"max":0.8030303030303032},"l2y":{"dtype":"number","min":0.38477409650314853,"max":0.8240055009529663},"l3x":{"dtype":"number","min":0.1969696969696967,"max":0.8030303030303032},"l3y":{"dtype":"number","min":0.3203521255245762,"max":0.8364641418213624},"l4x":{"dtype":"number","min":0.19696969696969666,"max":0.8030303030303033},"l4y":{"dtype":"number","min":0.2575757575757573,"max":0.8636363636363638},"l5x":{"dtype":"number","min":0.24348120419240532,"max":0.7519712584259961},"l5y":{"dtype":"number","min":0.2575757575757573,"max":0.6719965987966313},"l6x":{"dtype":"number","min":0.19696969696969668,"max":0.8030303030303033},"l6y":{"dtype":"number","min":0.2575757575757571,"max":0.6300804412042855},"l7x":{"dtype":"number","min":0.1969696969696969,"max":0.7865536590331158},"l7y":{"dtype":"number","min":0.2575757575757575,"max":0.7517054457069512},"l8x":{"dtype":"number","min":0.19696969696969666,"max":0.7957523989228685},"l8y":{"dtype":"number","min":0.25757575757575735,"max":0.7944321293098063},"l9x":{"dtype":"number","min":0.19696969696969677,"max":0.6995788280637169},"l9y":{"dtype":"number","min":0.2624479474562609,"max":0.6790816398779094},"l10x":{"dtype":"number","min":0.19859498356339872,"max":0.7353290638073418},"l10y":{"dtype":"number","min":0.25757575757575724,"max":0.6989214738186301},"l11x":{"dtype":"number","min":0.22814879785502368,"max":0.7175176904356542},"l11y":{"dtype":"number","min":0.2842375673206799,"max":0.7988538301443828},"l12x":{"dtype":"number","min":0.1969696969696967,"max":0.8030303030303034},"l12y":{"dtype":"number","min":0.2575757575757574,"max":0.7846282780624363},"l13x":{"dtype":"number","min":0.1969696969696969,"max":0.7675128149987251},"l13y":{"dtype":"number","min":0.2722462687067508,"max":0.7767236515501298},"l14x":{"dtype":"number","min":0.2665074748437328,"max":0.7228493917533816},"l14y":{"dtype":"number","min":0.26904541554034406,"max":0.7838852498386935},"l15x":{"dtype":"number","min":0.27989199380992846,"max":0.7394468631940423},"l15y":{"dtype":"number","min":0.3161773716010668,"max":0.8248185336428041},"l16x":{"dtype":"number","min":0.2720285535229638,"max":0.7591011959551345},"l16y":{"dtype":"number","min":0.25757575757575757,"max":0.8166499916715597},"l17x":{"dtype":"number","min":0.19696969696969674,"max":0.803030303030304},"l17y":{"dtype":"number","min":0.2575757575757576,"max":0.8636363636363639},"l18x":{"dtype":"number","min":0.1969696969696968,"max":0.7866853805299491},"l18y":{"dtype":"number","min":0.25757575757575746,"max":0.8636363636363639},"l19x":{"dtype":"number","min":0.2042476010771314,"max":0.7832540631544695},"l19y":{"dtype":"number","min":0.28936694976586735,"max":0.8636363636363641},"l20x":{"dtype":"number","min":0.196969696969697,"max":0.8017695081046909},"l20y":{"dtype":"number","min":0.25757575757575735,"max":0.8636363636363639}},"outputs":{"tag":{"dtype":"string","min":0,"max":1,"uniqueValues":["closedFist","countOne","countTwo","countThree","countFour","countFive","thumbUp"],"legend":{"closedFist":[1,0,0,0,0,0,0],"countOne":[0,1,0,0,0,0,0],"countTwo":[0,0,1,0,0,0,0],"countThree":[0,0,0,1,0,0,0],"countFour":[0,0,0,0,1,0,0],"countFive":[0,0,0,0,0,1,0],"thumbUp":[0,0,0,0,0,0,1]}}},"isNormalized":true}